{"type":"spec/capture_base/1.0","classification":"GICS:45102010","attributes":{"dateOfBirth":"Date","dateOfExpiry":"Date","dateOfIssue":"Date","documentCode":"Text","documentNumber":"Text","documentType":"Text","fullName":"Text","issuedBy":"Text","issuingState":"Text","issuingStateCode":"Text","nationality":"Text","optionalData":"Text","optionalDocumentData":"Text","optionalPersonalData":"Text","personalNumber":"Text","photoImage":"Binary","placeOfBirth":"Text","primaryIdentifier":"Text","secondaryIdentifier":"Text","sex":"Text","signatureImage":"Binary"},"pii":["documentNumber","fullName","primaryIdentifier","secondaryIdentifier","dateOfBirth","personalNumber","placeOfBirth","optionalPersonalData","optionalDocumentData","signatureImage","photoImage","optionalData"]}