{"capture_base":"EPMaG1h2hVxKCZ5_3KoNNwgAyd4Eq8zrxK3xgaaRsz2M","type":"spec/overlays/character_encoding/1.0","default_character_encoding":"utf-8","attr_character_encoding":{"dateOfBirth":"utf-8","dateOfExpiry":"utf-8","dateOfIssue":"utf-8","documentCode":"utf-8","documentNumber":"utf-8","documentType":"utf-8","fullName":"utf-8","issuedBy":"utf-8","issuingState":"utf-8","issuingStateCode":"utf-8","nationality":"utf-8","optionalData":"utf-8","optionalDocumentData":"utf-8","optionalPersonalData":"utf-8","personalNumber":"utf-8","photoImage":"base64","placeOfBirth":"utf-8","primaryIdentifier":"utf-8","secondaryIdentifier":"utf-8","sex":"utf-8","signatureImage":"base64"}}