{"capture_base":"EPMaG1h2hVxKCZ5_3KoNNwgAyd4Eq8zrxK3xgaaRsz2M","type":"spec/overlays/information/1.0","language":"en","attr_information":{"dateOfBirth":"Holder’s date of birth as recorded by the issuing State or organization. If the date of birth is unknown, see Doc 9303-3 for guidance.","dateOfExpiry":"Date of expiry of the MRP. For additional details see Doc 9303-3.","dateOfIssue":"For details see Doc 9303-3.","documentCode":"Capital letter P to designate an MRP. One additional capital letter may be used, in the character position after the letter P and at the discretion of the issuing State or organization, to designate other types of passports such as MRP issued to diplomatic staff, an MRP issued for travel on government business, or a passport issued for a special purpose.","documentNumber":"As given by the issuing State or organization to uniquely identify the document from all other MRTDs issued by the State or organization. For additional details see Doc 9303-3.","documentType":"The word for “passport” in the language of the issuing State or organization.","fullName":"The full name of the holder, as identified by the issuing State or organization. For additional details see Doc 9303-3.","issuedBy":"Authority or issuing organization for the MRP. This field shall be used to indicate the issuing authority or issuing organization and, optionally, its location, which may be personalized within this field. For additional details see Doc 9303-3.","issuingState":"The name of the State or organization responsible for issuing the MRP shall be displayed in full.","issuingStateCode":"As abbreviated in the three-letter code specified in Doc 9303-3.","nationality":"For details see Doc 9303-3.","optionalData":"Additional optional data elements at the discretion of the issuing State or organization. For additional details see Doc 9303-3.","optionalDocumentData":"Optional data elements relating to the document. For additional details see Doc 9303-3.","optionalPersonalData":"Optional personal data elements e.g. personal identification number or fingerprint, at the discretion of the issuing State or organization. If a fingerprint is included in this field, it should be presented as a 1:1 representation of the original. If a date is included, it shall follow the form of presentation described in Doc 9303-3.","personalNumber":"Field optionally used for personal identification number given to holder by the issuing State or organization. For additional details see Doc 9303-3. ","photoImage":"This field shall contain a portrait of the holder. The portrait shall not be larger than 45.0 mm x 35.0 mm_x005F_x000B_(1.77 in x 1.38 in) nor smaller than 32.0 mm x 26.0 mm (1.26 in x 1.02 in). The position of the field concerned shall be aligned to the left of Zones II, III and IV. See Doc 9303-3 for additional specifications for the portrait.","placeOfBirth":"Field optionally used for city and State of the holder’s birthplace. Refer to Doc 9303-3 for further details. ","primaryIdentifier":"Predominant component(s) of the name of the holder as described in Doc 9303-3. In cases where the predominant component(s) of the name of the holder (e.g. where this consists of composite names) cannot be shown in full or in the same order, owing to space limitations of Field(s) 06 and/or 07 or national practice, the most important component(s) (as determined by the State or organization) of the primary identifier shall be inserted.","secondaryIdentifier":"Secondary component(s) of the name of the holder as described in Doc 9303-3. The most important component(s) (as determined by the State or organization) of the secondary identifier of the holder shall be inserted in full, up to the maximum dimensions of the field frame. Other components, where necessary, may be represented by initials. Where the holder’s name has only predominant component(s), this data field shall be left blank. A State may optionally utilize the whole zone comprising Fields 06 and 07 as a single field. In such a case, the primary identifier shall be placed first, followed by a comma and a space, followed by the secondary identifier. ","sex":"Sex of the holder, to be specified by use of the single initial commonly used in the language of the State or organization where the document is issued and, if translation into English, French or Spanish is necessary, followed by an oblique and the capital letter F for female, M for male, or X for unspecified.","signatureImage":"At the discretion of the issuing State or organization, the signature or usual mark may be located in Zone VI. The size of the field to be allocated to the signature or usual mark on the adjoining page shall be at the discretion of the issuing State or organization, subject to the overall dimensional limits of the MRP. For additional details see Doc 9303-3."}}