{"capture_base":"EPMaG1h2hVxKCZ5_3KoNNwgAyd4Eq8zrxK3xgaaRsz2M","type":"spec/overlays/label/1.0","language":"en","attr_labels":{"dateOfBirth":"Date of birth","dateOfExpiry":"Date of expiry","dateOfIssue":"Date of issue","documentCode":"Document code","documentNumber":"Passport Number","documentType":"Document","fullName":"Name","issuedBy":"Authority or issuing organization","issuingState":"Issuing State or organization (in full)","issuingStateCode":"Issuing State or organization (in code)","nationality":"Nationality","optionalData":"Optional data elements","optionalDocumentData":"Optional document data elements","optionalPersonalData":"Optional personal data elements","personalNumber":"Personal number","photoImage":"Identification feature","placeOfBirth":"Place of birth","primaryIdentifier":"Primary Identifier","secondaryIdentifier":"Secondary Identifier","sex":"Sex","signatureImage":"Holder’s signature or usual mark"},"attr_categories":["_cat-1_","_cat-2_","_cat-3_","_cat-4_","_cat-5_","_cat-6_"],"cat_labels":{"_cat-1_":"Mandatory header","_cat-2_":"Mandatory and optional personal data elements","_cat-3_":"Mandatory and optional document data elements","_cat-4_":"Mandatory holder’s signature or usual mark (original or reproduction)","_cat-5_":"Mandatory identification feature","_cat-6_":"Optional data elements"},"cat_attributes":{"_cat-1_":["issuingState","documentType","documentCode","issuingStateCode","documentNumber"],"_cat-2_":["fullName","primaryIdentifier","secondaryIdentifier","nationality","dateOfBirth","personalNumber","sex","placeOfBirth","optionalPersonalData"],"_cat-3_":["dateOfIssue","issuedBy","dateOfExpiry","optionalDocumentData"],"_cat-4_":["signatureImage"],"_cat-5_":["photoImage"],"_cat-6_":["optionalData"]}}