{"capture_base":"EPMaG1h2hVxKCZ5_3KoNNwgAyd4Eq8zrxK3xgaaRsz2M","type":"spec/overlays/information/1.0","language":"fr","attr_information":{"dateOfBirth":"Date de naissance du titulaire enregistrée par l'État ou l'organisme émetteur. Si la date de naissance est inconnue, consultez le Doc 9303-3 pour obtenir des conseils.","dateOfExpiry":"Date d'expiration du MRP. Pour plus de détails, voir Doc 9303-3.","dateOfIssue":"Pour plus de détails, voir Doc 9303-3.","documentCode":"Lettre majuscule P pour désigner un MRP. Une lettre majuscule supplémentaire peut être utilisée, en position de caractère après la lettre P et à la discrétion de l'État ou de l'organisation émetteur, pour désigner d'autres types de passeports tels que le MRP délivré au personnel diplomatique, un MRP délivré pour les voyages d'affaires du gouvernement, ou un passeport délivré à des fins particulières.","documentNumber":"Tel qu'indiqué par l'État ou l'organisation émetteur pour identifier de manière unique le document parmi tous les autres DVLM émis par l'État ou l'organisation. Pour plus de détails, voir Doc 9303-3.","documentType":"Le mot pour \"passeport\" dans la langue de l'État ou de l'organisation émetteur.","fullName":"Le nom complet du titulaire, tel qu'identifié par l'État ou l'organisme émetteur. Pour plus de détails, voir Doc 9303-3.","issuedBy":"Autorité ou organisme émetteur du MRP. Ce champ est utilisé pour indiquer l'autorité ou l'organisme émetteur et, éventuellement, sa localisation, qui peut être personnalisée dans ce champ. Pour plus de détails, voir Doc 9303-3.","issuingState":"Le nom de l'État ou de l'organisme responsable de la délivrance du MRP doit être indiqué en toutes lettres.","issuingStateCode":"Comme abrégé dans le code à trois lettres spécifié dans le Doc 9303-3.","nationality":"Pour plus de détails, voir Doc 9303-3.","optionalData":"Éléments de données facultatifs supplémentaires à la discrétion de l'État ou de l'organisation émetteur. Pour plus de détails, voir Doc 9303-3.","optionalDocumentData":"Éléments de données facultatifs relatifs au document. Pour plus de détails, voir Doc 9303-3.","optionalPersonalData":"Éléments de données personnelles facultatifs, par ex. numéro d'identification personnel ou empreinte digitale, à la discrétion de l'État ou de l'organisation émetteur. Si une empreinte digitale est incluse dans ce champ, elle doit être présentée comme une représentation 1:1 de l'original. Si une date est incluse, elle doit suivre le mode de présentation décrit dans le Doc 9303-3.","personalNumber":"Champ éventuellement utilisé pour le numéro d'identification personnel attribué au titulaire par l'État ou l'organisme émetteur. Pour plus de détails, voir Doc 9303-3.","photoImage":"Ce champ doit contenir un portrait du titulaire. Le portrait ne doit pas être plus grand que 45,0 mm x 35,0 mm (1,77 po x 1,38 po) ni inférieure à 32,0 mm x 26,0 mm (1,26 po x 1,02 po). La position du champ concerné doit être alignée à gauche des zones II, III et IV. Voir le Doc 9303-3 pour des spécifications supplémentaires pour le portrait.","placeOfBirth":"Champ éventuellement utilisé pour la ville et l'État du lieu de naissance du titulaire. Reportez-vous au Doc 9303-3 pour plus de détails.","primaryIdentifier":"Élément(s) prédominant(s) du nom du titulaire tel que décrit dans le Doc 9303-3. Dans les cas où le ou les éléments prédominants du nom du titulaire (par exemple, lorsqu'il s'agit de noms composés) ne peuvent pas être indiqués en entier ou dans le même ordre, en raison du manque d'espace des champs 06 et/ou 07 ou pratique nationale, le ou les composants les plus importants (tels que déterminés par l'État ou l'organisation) de l'identifiant primaire doivent être insérés.","secondaryIdentifier":"Élément(s) secondaire(s) du nom du titulaire tel que décrit dans le Doc 9303-3. Le ou les éléments les plus importants (tels que déterminés par l'État ou l'organisation) de l'identifiant secondaire du titulaire doivent être insérés en entier, jusqu'aux dimensions maximales du cadre de champ. D'autres composants, si nécessaire, peuvent être représentés par des initiales. Lorsque le nom du titulaire n'a qu'un ou plusieurs éléments prédominants, ce champ de données doit rester vide. Un État peut éventuellement utiliser toute la zone comprenant les champs 06 et 07 comme un champ unique. Dans ce cas, l'identifiant primaire doit être placé en premier, suivi d'une virgule et d'un espace, suivi de l'identifiant secondaire.","sex":"Sexe du titulaire, à préciser par l'utilisation de l'initiale unique couramment utilisée dans la langue de l'État ou de l'organisation où le document est délivré et, si une traduction en anglais, français ou espagnol est nécessaire, suivie d'une oblique et d'une majuscule F pour femelle, M pour mâle ou X pour non spécifié.","signatureImage":"Au choix de l'État ou de l'organisme émetteur, la signature ou la marque usuelle peut être située dans la zone VI. La taille du champ à attribuer à la signature ou à la marque usuelle sur la page attenante est à la discrétion de l'État ou de l'organisme émetteur, sous réserve des limites dimensionnelles globales du MRP. Pour plus de détails, voir Doc 9303-3."}}