{"capture_base":"EPMaG1h2hVxKCZ5_3KoNNwgAyd4Eq8zrxK3xgaaRsz2M","type":"spec/overlays/label/1.0","language":"fr","attr_labels":{"dateOfBirth":"Date de naissance","dateOfExpiry":"Date d'expiration","dateOfIssue":"Date d'émission","documentCode":"Code du document","documentNumber":"Numéro de passeport","documentType":"Document","fullName":"Nom","issuedBy":"Autorité ou organisme émetteur","issuingState":"État ou organisme émetteur (au complet)","issuingStateCode":"État ou organisme émetteur (en code)","nationality":"Nationalité","optionalData":"Éléments de données facultatifs","optionalDocumentData":"Éléments de données de document facultatifs","optionalPersonalData":"Éléments de données personnelles facultatifs","personalNumber":"Numéro personnel","photoImage":"Caractéristique d'identification","placeOfBirth":"Lieu de naissance","primaryIdentifier":"Identifiant principal","secondaryIdentifier":"Identifiant secondaire","sex":"Sexe","signatureImage":"Signature du titulaire ou marque usuelle"},"attr_categories":["_cat-1_","_cat-2_","_cat-3_","_cat-4_","_cat-5_","_cat-6_"],"cat_labels":{"_cat-1_":"En-tête obligatoire","_cat-2_":"Éléments de données personnelles obligatoires et facultatifs","_cat-3_":"Éléments de données obligatoires et facultatifs du document","_cat-4_":"Signature obligatoire du titulaire ou marque usuelle (original ou reproduction)","_cat-5_":"Élément d'identification obligatoire","_cat-6_":"Éléments de données facultatifs"},"cat_attributes":{"_cat-1_":["issuingState","documentType","documentCode","issuingStateCode","documentNumber"],"_cat-2_":["fullName","primaryIdentifier","secondaryIdentifier","nationality","dateOfBirth","personalNumber","sex","placeOfBirth","optionalPersonalData"],"_cat-3_":["dateOfIssue","issuedBy","dateOfExpiry","optionalDocumentData"],"_cat-4_":["signatureImage"],"_cat-5_":["photoImage"],"_cat-6_":["optionalData"]}}